_input,_num,_widgetName,_source,_resultNumber,_pageUrl,name,price,image,image/_source,image/_title,image/_alt
webpage/url:http://www.amazon.in/smartphones-Electronics/s?ie=UTF8&page=1&rh=n%3A976419031%2Ck%3Asmartphones|,1,final amazon,final amazon,1,http://www.amazon.in/smartphones-Electronics/s?ie=UTF8&page=1&rh=n%3A976419031%2Ck%3Asmartphones,Mi Redmi 2 Prime 4G (16GB White),6999.00,http://ecx.images-amazon.com/images/I/41LaQQ0eNiL._AA160_.jpg,,,Product Details
webpage/url:http://www.amazon.in/smartphones-Electronics/s?ie=UTF8&page=1&rh=n%3A976419031%2Ck%3Asmartphones|,25,final amazon,final amazon,1,http://www.amazon.in/smartphones-Electronics/s?ie=UTF8&page=1&rh=n%3A976419031%2Ck%3Asmartphones,Mi Redmi 2 Prime 4G (16GB White),6999.00,http://ecx.images-amazon.com/images/I/41LaQQ0eNiL._AA160_.jpg,,,Product Details
webpage/url:http://www.amazon.in/smartphones-Electronics/s?ie=UTF8&page=3&rh=n%3A976419031%2Ck%3Asmartphones|,49,final amazon,final amazon,1,http://www.amazon.in/smartphones-Electronics/s?ie=UTF8&page=3&rh=n%3A976419031%2Ck%3Asmartphones,Samsung Galaxy Core Prime SM-G360 (White 8GB),7379.00,http://ecx.images-amazon.com/images/I/31ENeY0FIIL._AA160_.jpg,,,Product Details
webpage/url:http://www.amazon.in/smartphones-Electronics/s?ie=UTF8&page=2&rh=n%3A976419031%2Ck%3Asmartphones|,73,final amazon,final amazon,1,http://www.amazon.in/smartphones-Electronics/s?ie=UTF8&page=2&rh=n%3A976419031%2Ck%3Asmartphones,Micromax Unite 3 Q372 (White 8GB),6100.00,http://ecx.images-amazon.com/images/I/41DU8kioEXL._AA160_.jpg,,,Product Details
webpage/url:http://www.amazon.in/smartphones-Electronics/s?ie=UTF8&page=5&rh=n%3A976419031%2Ck%3Asmartphones|,97,final amazon,final amazon,1,http://www.amazon.in/smartphones-Electronics/s?ie=UTF8&page=5&rh=n%3A976419031%2Ck%3Asmartphones,HTC Desire 826 (16GB White Birch),24999.00,http://ecx.images-amazon.com/images/I/511uRgevELL._AA160_.jpg,,,Product Details
webpage/url:http://www.amazon.in/smartphones-Electronics/s?ie=UTF8&page=1&rh=n%3A976419031%2Ck%3Asmartphones|,2,final amazon,final amazon,2,http://www.amazon.in/smartphones-Electronics/s?ie=UTF8&page=1&rh=n%3A976419031%2Ck%3Asmartphones,YU Yuphoria on Android (Buffed Steel),6499.00,http://ecx.images-amazon.com/images/I/41P0voeep-L._AA160_.jpg,,,Product Details
webpage/url:http://www.amazon.in/smartphones-Electronics/s?ie=UTF8&page=1&rh=n%3A976419031%2Ck%3Asmartphones|,26,final amazon,final amazon,2,http://www.amazon.in/smartphones-Electronics/s?ie=UTF8&page=1&rh=n%3A976419031%2Ck%3Asmartphones,YU Yuphoria on Android (Buffed Steel),6499.00,http://ecx.images-amazon.com/images/I/41P0voeep-L._AA160_.jpg,,,Product Details
webpage/url:http://www.amazon.in/smartphones-Electronics/s?ie=UTF8&page=3&rh=n%3A976419031%2Ck%3Asmartphones|,50,final amazon,final amazon,2,http://www.amazon.in/smartphones-Electronics/s?ie=UTF8&page=3&rh=n%3A976419031%2Ck%3Asmartphones,iPro 20800mAh powerbank for Tablets and Smartphones-Grey,1999.00,http://ecx.images-amazon.com/images/I/51Dtj622Y9L._AA160_.jpg,,,Product Details
webpage/url:http://www.amazon.in/smartphones-Electronics/s?ie=UTF8&page=2&rh=n%3A976419031%2Ck%3Asmartphones|,74,final amazon,final amazon,2,http://www.amazon.in/smartphones-Electronics/s?ie=UTF8&page=2&rh=n%3A976419031%2Ck%3Asmartphones,Rock Flat Micro-USB Cable for Smartphones (Yellow),160.00,http://ecx.images-amazon.com/images/I/41%2BCuyggHwL._AA160_.jpg,,,Product Details
webpage/url:http://www.amazon.in/smartphones-Electronics/s?ie=UTF8&page=5&rh=n%3A976419031%2Ck%3Asmartphones|,98,final amazon,final amazon,2,http://www.amazon.in/smartphones-Electronics/s?ie=UTF8&page=5&rh=n%3A976419031%2Ck%3Asmartphones,AV Connect Smartphone Headset to PC Adapter - Use a 3.5mm smartphone Headset with Your PC Converts 3.5mm Plug...,249.00,http://ecx.images-amazon.com/images/I/41ehTJTjfPL._AA160_.jpg,,,Product Details
webpage/url:http://www.amazon.in/smartphones-Electronics/s?ie=UTF8&page=1&rh=n%3A976419031%2Ck%3Asmartphones|,3,final amazon,final amazon,3,http://www.amazon.in/smartphones-Electronics/s?ie=UTF8&page=1&rh=n%3A976419031%2Ck%3Asmartphones,YU Yureka Plus on Android (Moondust Grey),8999.00,http://ecx.images-amazon.com/images/I/416f0tBW9lL._AA160_.jpg,,,Product Details
webpage/url:http://www.amazon.in/smartphones-Electronics/s?ie=UTF8&page=1&rh=n%3A976419031%2Ck%3Asmartphones|,27,final amazon,final amazon,3,http://www.amazon.in/smartphones-Electronics/s?ie=UTF8&page=1&rh=n%3A976419031%2Ck%3Asmartphones,YU Yureka Plus on Android (Moondust Grey),8999.00,http://ecx.images-amazon.com/images/I/416f0tBW9lL._AA160_.jpg,,,Product Details
webpage/url:http://www.amazon.in/smartphones-Electronics/s?ie=UTF8&page=3&rh=n%3A976419031%2Ck%3Asmartphones|,51,final amazon,final amazon,3,http://www.amazon.in/smartphones-Electronics/s?ie=UTF8&page=3&rh=n%3A976419031%2Ck%3Asmartphones,Karbonn Machone Titanium S310 (Dark Blue),5169.00,http://ecx.images-amazon.com/images/I/51B-y-FpzIL._AA160_.jpg,,,Product Details
webpage/url:http://www.amazon.in/smartphones-Electronics/s?ie=UTF8&page=2&rh=n%3A976419031%2Ck%3Asmartphones|,75,final amazon,final amazon,3,http://www.amazon.in/smartphones-Electronics/s?ie=UTF8&page=2&rh=n%3A976419031%2Ck%3Asmartphones,Xolo A1010 (5 inch Screen),4985.00,http://ecx.images-amazon.com/images/I/41AkEK7bn7L._AA160_.jpg,,,Product Details
webpage/url:http://www.amazon.in/smartphones-Electronics/s?ie=UTF8&page=5&rh=n%3A976419031%2Ck%3Asmartphones|,99,final amazon,final amazon,3,http://www.amazon.in/smartphones-Electronics/s?ie=UTF8&page=5&rh=n%3A976419031%2Ck%3Asmartphones,Micromax Bolt Q324 (Silver),2814.00,http://ecx.images-amazon.com/images/I/51aJR5lCZjL._AA160_.jpg,,,Product Details
webpage/url:http://www.amazon.in/smartphones-Electronics/s?ie=UTF8&page=1&rh=n%3A976419031%2Ck%3Asmartphones|,4,final amazon,final amazon,4,http://www.amazon.in/smartphones-Electronics/s?ie=UTF8&page=1&rh=n%3A976419031%2Ck%3Asmartphones,HTC Desire 620G (Santroni White),12181.00,http://ecx.images-amazon.com/images/I/51vaoX9RZeL._AA160_.jpg,,,Product Details
webpage/url:http://www.amazon.in/smartphones-Electronics/s?ie=UTF8&page=1&rh=n%3A976419031%2Ck%3Asmartphones|,28,final amazon,final amazon,4,http://www.amazon.in/smartphones-Electronics/s?ie=UTF8&page=1&rh=n%3A976419031%2Ck%3Asmartphones,HTC Desire 620G (Santroni White),12181.00,http://ecx.images-amazon.com/images/I/51vaoX9RZeL._AA160_.jpg,,,Product Details
webpage/url:http://www.amazon.in/smartphones-Electronics/s?ie=UTF8&page=3&rh=n%3A976419031%2Ck%3Asmartphones|,52,final amazon,final amazon,4,http://www.amazon.in/smartphones-Electronics/s?ie=UTF8&page=3&rh=n%3A976419031%2Ck%3Asmartphones,Microsoft Lumia 540 (Black 8GB),8479.00,http://ecx.images-amazon.com/images/I/51DOJaZeGuL._AA160_.jpg,,,Product Details
webpage/url:http://www.amazon.in/smartphones-Electronics/s?ie=UTF8&page=2&rh=n%3A976419031%2Ck%3Asmartphones|,76,final amazon,final amazon,4,http://www.amazon.in/smartphones-Electronics/s?ie=UTF8&page=2&rh=n%3A976419031%2Ck%3Asmartphones,Karbonn Titanium Dazzle S201 (White),3999.00,http://ecx.images-amazon.com/images/I/415asFB6FPL._AA160_.jpg,,,Product Details
webpage/url:http://www.amazon.in/smartphones-Electronics/s?ie=UTF8&page=5&rh=n%3A976419031%2Ck%3Asmartphones|,100,final amazon,final amazon,4,http://www.amazon.in/smartphones-Electronics/s?ie=UTF8&page=5&rh=n%3A976419031%2Ck%3Asmartphones,AV Connect Car Stereo / Aux Cable / 3.5mm Male To Male Stereo Audio Cable (6.5 Feet) - Step Down Design for iPhone...,299.00,http://ecx.images-amazon.com/images/I/315pFBK3aLL._AA160_.jpg,,,Product Details
webpage/url:http://www.amazon.in/smartphones-Electronics/s?ie=UTF8&page=1&rh=n%3A976419031%2Ck%3Asmartphones|,5,final amazon,final amazon,5,http://www.amazon.in/smartphones-Electronics/s?ie=UTF8&page=1&rh=n%3A976419031%2Ck%3Asmartphones,Coolpad Note 3 (White),9499.00,http://ecx.images-amazon.com/images/I/41mv0Uxo1iL._AA160_.jpg,,,Product Details
webpage/url:http://www.amazon.in/smartphones-Electronics/s?ie=UTF8&page=1&rh=n%3A976419031%2Ck%3Asmartphones|,29,final amazon,final amazon,5,http://www.amazon.in/smartphones-Electronics/s?ie=UTF8&page=1&rh=n%3A976419031%2Ck%3Asmartphones,Coolpad Note 3 (White),9499.00,http://ecx.images-amazon.com/images/I/41mv0Uxo1iL._AA160_.jpg,,,Product Details
webpage/url:http://www.amazon.in/smartphones-Electronics/s?ie=UTF8&page=3&rh=n%3A976419031%2Ck%3Asmartphones|,53,final amazon,final amazon,5,http://www.amazon.in/smartphones-Electronics/s?ie=UTF8&page=3&rh=n%3A976419031%2Ck%3Asmartphones,SumacLife Compact Foldable Bluetooth Aluminum Extendable Selfie Stick & Bluetooth Camera Shutter Monopod Selfie...,1099.00,http://ecx.images-amazon.com/images/I/51L1gvdgklL._AA160_.jpg,,,Product Details
webpage/url:http://www.amazon.in/smartphones-Electronics/s?ie=UTF8&page=2&rh=n%3A976419031%2Ck%3Asmartphones|,77,final amazon,final amazon,5,http://www.amazon.in/smartphones-Electronics/s?ie=UTF8&page=2&rh=n%3A976419031%2Ck%3Asmartphones,Micromax Canvas Doodle 4 Q391 (White),7676.00,http://ecx.images-amazon.com/images/I/51m9Taiwy0L._AA160_.jpg,,,Product Details
webpage/url:http://www.amazon.in/smartphones-Electronics/s?ie=UTF8&page=5&rh=n%3A976419031%2Ck%3Asmartphones|,101,final amazon,final amazon,5,http://www.amazon.in/smartphones-Electronics/s?ie=UTF8&page=5&rh=n%3A976419031%2Ck%3Asmartphones,Apple Tree T11 Black Color Android Touch Screen Smart Phone 3.5 Inch Screen By Gadgetbucket,1999.00,http://ecx.images-amazon.com/images/I/31DCS4AhMGL._AA160_.jpg,,,Product Details
webpage/url:http://www.amazon.in/smartphones-Electronics/s?ie=UTF8&page=1&rh=n%3A976419031%2Ck%3Asmartphones|,6,final amazon,final amazon,6,http://www.amazon.in/smartphones-Electronics/s?ie=UTF8&page=1&rh=n%3A976419031%2Ck%3Asmartphones,Micromax Canvas Juice 2 AQ5001 (Silver),6539.00,http://ecx.images-amazon.com/images/I/31n%2B9YEXxSL._AA160_.jpg,,,Product Details
webpage/url:http://www.amazon.in/smartphones-Electronics/s?ie=UTF8&page=1&rh=n%3A976419031%2Ck%3Asmartphones|,30,final amazon,final amazon,6,http://www.amazon.in/smartphones-Electronics/s?ie=UTF8&page=1&rh=n%3A976419031%2Ck%3Asmartphones,Micromax Canvas Juice 2 AQ5001 (Silver),6539.00,http://ecx.images-amazon.com/images/I/31n%2B9YEXxSL._AA160_.jpg,,,Product Details
webpage/url:http://www.amazon.in/smartphones-Electronics/s?ie=UTF8&page=3&rh=n%3A976419031%2Ck%3Asmartphones|,54,final amazon,final amazon,6,http://www.amazon.in/smartphones-Electronics/s?ie=UTF8&page=3&rh=n%3A976419031%2Ck%3Asmartphones,Popular Smartphone LED Flash & Fill-light 16 LED Flashlight for Selfie Shutter Sync Function - Black,347.00,http://ecx.images-amazon.com/images/I/21EmiQcaIQL._AA160_.jpg,,,Product Details
webpage/url:http://www.amazon.in/smartphones-Electronics/s?ie=UTF8&page=2&rh=n%3A976419031%2Ck%3Asmartphones|,78,final amazon,final amazon,6,http://www.amazon.in/smartphones-Electronics/s?ie=UTF8&page=2&rh=n%3A976419031%2Ck%3Asmartphones,Intex Cloud X15+3G(White+Grey),2355.00,http://ecx.images-amazon.com/images/I/4101b5XhjPL._AA160_.jpg,,,Product Details
webpage/url:http://www.amazon.in/smartphones-Electronics/s?ie=UTF8&page=5&rh=n%3A976419031%2Ck%3Asmartphones|,102,final amazon,final amazon,6,http://www.amazon.in/smartphones-Electronics/s?ie=UTF8&page=5&rh=n%3A976419031%2Ck%3Asmartphones,Micromax Canvas Knight 2 E471 (White-Silver),10999.00,http://ecx.images-amazon.com/images/I/41utzmcXJ9L._AA160_.jpg,,,Product Details
webpage/url:http://www.amazon.in/smartphones-Electronics/s?ie=UTF8&page=1&rh=n%3A976419031%2Ck%3Asmartphones|,7,final amazon,final amazon,7,http://www.amazon.in/smartphones-Electronics/s?ie=UTF8&page=1&rh=n%3A976419031%2Ck%3Asmartphones,Micromax Bolt D320 (Black 4GB),3385.00,http://ecx.images-amazon.com/images/I/31rinDe0sFL._AA160_.jpg,,,Product Details
webpage/url:http://www.amazon.in/smartphones-Electronics/s?ie=UTF8&page=1&rh=n%3A976419031%2Ck%3Asmartphones|,31,final amazon,final amazon,7,http://www.amazon.in/smartphones-Electronics/s?ie=UTF8&page=1&rh=n%3A976419031%2Ck%3Asmartphones,Micromax Bolt D320 (Black 4GB),3385.00,http://ecx.images-amazon.com/images/I/31rinDe0sFL._AA160_.jpg,,,Product Details
webpage/url:http://www.amazon.in/smartphones-Electronics/s?ie=UTF8&page=3&rh=n%3A976419031%2Ck%3Asmartphones|,55,final amazon,final amazon,7,http://www.amazon.in/smartphones-Electronics/s?ie=UTF8&page=3&rh=n%3A976419031%2Ck%3Asmartphones,Kingston Digital MobileLite Wireless Flash Reader G2 for Smartphones and Tablets (MLWG2),2835.00,http://ecx.images-amazon.com/images/I/31vdQhwAxvL._AA160_.jpg,,,Product Details
webpage/url:http://www.amazon.in/smartphones-Electronics/s?ie=UTF8&page=2&rh=n%3A976419031%2Ck%3Asmartphones|,79,final amazon,final amazon,7,http://www.amazon.in/smartphones-Electronics/s?ie=UTF8&page=2&rh=n%3A976419031%2Ck%3Asmartphones,Gadget Bucket's Universal Mobile Phone Analog 3D Video Folding Enlarged Screen Expander Stand for iPhone Samsung...,195.00,http://ecx.images-amazon.com/images/I/51Wsj2sk%2BSL._AA160_.jpg,,,Product Details
webpage/url:http://www.amazon.in/smartphones-Electronics/s?ie=UTF8&page=5&rh=n%3A976419031%2Ck%3Asmartphones|,103,final amazon,final amazon,7,http://www.amazon.in/smartphones-Electronics/s?ie=UTF8&page=5&rh=n%3A976419031%2Ck%3Asmartphones,Micromax Canvas Nitro A311 (Blue 16GB),9400.00,http://ecx.images-amazon.com/images/I/41dgZaX5T7L._AA160_.jpg,,,Product Details
webpage/url:http://www.amazon.in/smartphones-Electronics/s?ie=UTF8&page=1&rh=n%3A976419031%2Ck%3Asmartphones|,8,final amazon,final amazon,8,http://www.amazon.in/smartphones-Electronics/s?ie=UTF8&page=1&rh=n%3A976419031%2Ck%3Asmartphones,Noise U8 Bluetooth Smart Watch for Smartphones (Black)-(u8-smartwatch-1),1999.00,http://ecx.images-amazon.com/images/I/51xfXNKtXxL._AA160_.jpg,,,Product Details
webpage/url:http://www.amazon.in/smartphones-Electronics/s?ie=UTF8&page=1&rh=n%3A976419031%2Ck%3Asmartphones|,32,final amazon,final amazon,8,http://www.amazon.in/smartphones-Electronics/s?ie=UTF8&page=1&rh=n%3A976419031%2Ck%3Asmartphones,Noise U8 Bluetooth Smart Watch for Smartphones (Black)-(u8-smartwatch-1),1999.00,http://ecx.images-amazon.com/images/I/51xfXNKtXxL._AA160_.jpg,,,Product Details
webpage/url:http://www.amazon.in/smartphones-Electronics/s?ie=UTF8&page=3&rh=n%3A976419031%2Ck%3Asmartphones|,56,final amazon,final amazon,8,http://www.amazon.in/smartphones-Electronics/s?ie=UTF8&page=3&rh=n%3A976419031%2Ck%3Asmartphones,Samsung Galaxy E5 (White16GB),13490.00,http://ecx.images-amazon.com/images/I/51qDtV0PZkL._AA160_.jpg,,,Product Details
webpage/url:http://www.amazon.in/smartphones-Electronics/s?ie=UTF8&page=2&rh=n%3A976419031%2Ck%3Asmartphones|,80,final amazon,final amazon,8,http://www.amazon.in/smartphones-Electronics/s?ie=UTF8&page=2&rh=n%3A976419031%2Ck%3Asmartphones,Microsoft Lumia 640 (Black 8GB),7999.00,http://ecx.images-amazon.com/images/I/51NivDyqLgL._AA160_.jpg,,,Product Details
webpage/url:http://www.amazon.in/smartphones-Electronics/s?ie=UTF8&page=5&rh=n%3A976419031%2Ck%3Asmartphones|,104,final amazon,final amazon,8,http://www.amazon.in/smartphones-Electronics/s?ie=UTF8&page=5&rh=n%3A976419031%2Ck%3Asmartphones,Rock Auto Micro-USB Cable for Smartphones (Yellow),399.00,http://ecx.images-amazon.com/images/I/31OamhOhbTL._AA160_.jpg,,,Product Details
webpage/url:http://www.amazon.in/smartphones-Electronics/s?ie=UTF8&page=1&rh=n%3A976419031%2Ck%3Asmartphones|,9,final amazon,final amazon,9,http://www.amazon.in/smartphones-Electronics/s?ie=UTF8&page=1&rh=n%3A976419031%2Ck%3Asmartphones,Lenovo A536 (Black 8GB),6171.00,http://ecx.images-amazon.com/images/I/51-txpPSZYL._AA160_.jpg,,,Product Details
webpage/url:http://www.amazon.in/smartphones-Electronics/s?ie=UTF8&page=1&rh=n%3A976419031%2Ck%3Asmartphones|,33,final amazon,final amazon,9,http://www.amazon.in/smartphones-Electronics/s?ie=UTF8&page=1&rh=n%3A976419031%2Ck%3Asmartphones,Lenovo A536 (Black 8GB),6171.00,http://ecx.images-amazon.com/images/I/51-txpPSZYL._AA160_.jpg,,,Product Details
webpage/url:http://www.amazon.in/smartphones-Electronics/s?ie=UTF8&page=3&rh=n%3A976419031%2Ck%3Asmartphones|,57,final amazon,final amazon,9,http://www.amazon.in/smartphones-Electronics/s?ie=UTF8&page=3&rh=n%3A976419031%2Ck%3Asmartphones,Panasonic Eluga S (Black),8999.00,http://ecx.images-amazon.com/images/I/31JvKEyCRVL._AA160_.jpg,,,Product Details
webpage/url:http://www.amazon.in/smartphones-Electronics/s?ie=UTF8&page=2&rh=n%3A976419031%2Ck%3Asmartphones|,81,final amazon,final amazon,9,http://www.amazon.in/smartphones-Electronics/s?ie=UTF8&page=2&rh=n%3A976419031%2Ck%3Asmartphones,Lava Iris X8 (White 2GB RAM 16GB),7499.00,http://ecx.images-amazon.com/images/I/41A7MU1YBaL._AA160_.jpg,,,Product Details
webpage/url:http://www.amazon.in/smartphones-Electronics/s?ie=UTF8&page=5&rh=n%3A976419031%2Ck%3Asmartphones|,105,final amazon,final amazon,9,http://www.amazon.in/smartphones-Electronics/s?ie=UTF8&page=5&rh=n%3A976419031%2Ck%3Asmartphones,Nubia Z9 Mini (Black 16GB),16999.00,http://ecx.images-amazon.com/images/I/417tKDrBA1L._AA160_.jpg,,,Product Details
webpage/url:http://www.amazon.in/smartphones-Electronics/s?ie=UTF8&page=1&rh=n%3A976419031%2Ck%3Asmartphones|,10,final amazon,final amazon,10,http://www.amazon.in/smartphones-Electronics/s?ie=UTF8&page=1&rh=n%3A976419031%2Ck%3Asmartphones,Moto E 2nd Generation XT1506 (3G Black),5999.00,http://ecx.images-amazon.com/images/I/413tPll7BoL._AA160_.jpg,,,Product Details
webpage/url:http://www.amazon.in/smartphones-Electronics/s?ie=UTF8&page=1&rh=n%3A976419031%2Ck%3Asmartphones|,34,final amazon,final amazon,10,http://www.amazon.in/smartphones-Electronics/s?ie=UTF8&page=1&rh=n%3A976419031%2Ck%3Asmartphones,Moto E 2nd Generation XT1506 (3G Black),5999.00,http://ecx.images-amazon.com/images/I/413tPll7BoL._AA160_.jpg,,,Product Details
webpage/url:http://www.amazon.in/smartphones-Electronics/s?ie=UTF8&page=3&rh=n%3A976419031%2Ck%3Asmartphones|,58,final amazon,final amazon,10,http://www.amazon.in/smartphones-Electronics/s?ie=UTF8&page=3&rh=n%3A976419031%2Ck%3Asmartphones,Karbonn A108 (Grey),2054.00,http://ecx.images-amazon.com/images/I/51XBe49tC-L._AA160_.jpg,,,Product Details
webpage/url:http://www.amazon.in/smartphones-Electronics/s?ie=UTF8&page=2&rh=n%3A976419031%2Ck%3Asmartphones|,82,final amazon,final amazon,10,http://www.amazon.in/smartphones-Electronics/s?ie=UTF8&page=2&rh=n%3A976419031%2Ck%3Asmartphones,Lenovo A6000 (Black 8GB),7149.00,http://ecx.images-amazon.com/images/I/413YxT8JLzL._AA160_.jpg,,,Product Details
webpage/url:http://www.amazon.in/smartphones-Electronics/s?ie=UTF8&page=5&rh=n%3A976419031%2Ck%3Asmartphones|,106,final amazon,final amazon,10,http://www.amazon.in/smartphones-Electronics/s?ie=UTF8&page=5&rh=n%3A976419031%2Ck%3Asmartphones,Blueberry S5.5 White Colored Android Smart Phone Mobile By Gadgetbucket,2099.00,http://ecx.images-amazon.com/images/I/41iF3bgv4PL._AA160_.jpg,,,Product Details
webpage/url:http://www.amazon.in/smartphones-Electronics/s?ie=UTF8&page=1&rh=n%3A976419031%2Ck%3Asmartphones|,11,final amazon,final amazon,11,http://www.amazon.in/smartphones-Electronics/s?ie=UTF8&page=1&rh=n%3A976419031%2Ck%3Asmartphones,Micromax Bolt S301 (Black),3000.00,http://ecx.images-amazon.com/images/I/419dqJKy2RL._AA160_.jpg,,,Product Details
webpage/url:http://www.amazon.in/smartphones-Electronics/s?ie=UTF8&page=1&rh=n%3A976419031%2Ck%3Asmartphones|,35,final amazon,final amazon,11,http://www.amazon.in/smartphones-Electronics/s?ie=UTF8&page=1&rh=n%3A976419031%2Ck%3Asmartphones,Micromax Bolt S301 (Black),3000.00,http://ecx.images-amazon.com/images/I/419dqJKy2RL._AA160_.jpg,,,Product Details
webpage/url:http://www.amazon.in/smartphones-Electronics/s?ie=UTF8&page=3&rh=n%3A976419031%2Ck%3Asmartphones|,59,final amazon,final amazon,11,http://www.amazon.in/smartphones-Electronics/s?ie=UTF8&page=3&rh=n%3A976419031%2Ck%3Asmartphones,Micromax Canvas Nitro 2 E311 (Grey-Silver),8609.00,http://ecx.images-amazon.com/images/I/31sL7gWPtvL._AA160_.jpg,,,Product Details
webpage/url:http://www.amazon.in/smartphones-Electronics/s?ie=UTF8&page=2&rh=n%3A976419031%2Ck%3Asmartphones|,83,final amazon,final amazon,11,http://www.amazon.in/smartphones-Electronics/s?ie=UTF8&page=2&rh=n%3A976419031%2Ck%3Asmartphones,Phicomm Energy 653 4G (Black),4999.00,http://ecx.images-amazon.com/images/I/41naRojai4L._AA160_.jpg,,,Product Details
webpage/url:http://www.amazon.in/smartphones-Electronics/s?ie=UTF8&page=5&rh=n%3A976419031%2Ck%3Asmartphones|,107,final amazon,final amazon,11,http://www.amazon.in/smartphones-Electronics/s?ie=UTF8&page=5&rh=n%3A976419031%2Ck%3Asmartphones,CaseJunction Selfie Stick with Bluetooth Shutter Remote Telescopic Monopod for All Smartphones,499.00,http://ecx.images-amazon.com/images/I/41eXNW-ohoL._AA160_.jpg,,,Product Details
webpage/url:http://www.amazon.in/smartphones-Electronics/s?ie=UTF8&page=1&rh=n%3A976419031%2Ck%3Asmartphones|,12,final amazon,final amazon,12,http://www.amazon.in/smartphones-Electronics/s?ie=UTF8&page=1&rh=n%3A976419031%2Ck%3Asmartphones,Karbonn Titanium High 2 S203 (Black-Blue),3999.00,http://ecx.images-amazon.com/images/I/51lhz04L2hL._AA160_.jpg,,,Product Details
webpage/url:http://www.amazon.in/smartphones-Electronics/s?ie=UTF8&page=1&rh=n%3A976419031%2Ck%3Asmartphones|,36,final amazon,final amazon,12,http://www.amazon.in/smartphones-Electronics/s?ie=UTF8&page=1&rh=n%3A976419031%2Ck%3Asmartphones,Karbonn Titanium High 2 S203 (Black-Blue),3999.00,http://ecx.images-amazon.com/images/I/51lhz04L2hL._AA160_.jpg,,,Product Details
webpage/url:http://www.amazon.in/smartphones-Electronics/s?ie=UTF8&page=3&rh=n%3A976419031%2Ck%3Asmartphones|,60,final amazon,final amazon,12,http://www.amazon.in/smartphones-Electronics/s?ie=UTF8&page=3&rh=n%3A976419031%2Ck%3Asmartphones,Micromax Bolt A24 (Black),1793.00,http://ecx.images-amazon.com/images/I/41v8sLTdPFL._AA160_.jpg,,,Product Details
webpage/url:http://www.amazon.in/smartphones-Electronics/s?ie=UTF8&page=2&rh=n%3A976419031%2Ck%3Asmartphones|,84,final amazon,final amazon,12,http://www.amazon.in/smartphones-Electronics/s?ie=UTF8&page=2&rh=n%3A976419031%2Ck%3Asmartphones,Meizu m2 note (Grey),9999.00,http://ecx.images-amazon.com/images/I/41VqWILGEwL._AA160_.jpg,,,Product Details
webpage/url:http://www.amazon.in/smartphones-Electronics/s?ie=UTF8&page=5&rh=n%3A976419031%2Ck%3Asmartphones|,108,final amazon,final amazon,12,http://www.amazon.in/smartphones-Electronics/s?ie=UTF8&page=5&rh=n%3A976419031%2Ck%3Asmartphones,Aeoss Sports Running Jogging Gym Armband Case Cover Holder Compitbale for all smart phones till 5.5" inch iphone...,299.00,http://ecx.images-amazon.com/images/I/51uR6rd11sL._AA160_.jpg,,,Product Details
webpage/url:http://www.amazon.in/smartphones-Electronics/s?ie=UTF8&page=1&rh=n%3A976419031%2Ck%3Asmartphones|,13,final amazon,final amazon,13,http://www.amazon.in/smartphones-Electronics/s?ie=UTF8&page=1&rh=n%3A976419031%2Ck%3Asmartphones,LG Nexus 5X LG-H791 (16GB Charcoal Black),31990.00,http://ecx.images-amazon.com/images/I/41MofcekjdL._AA160_.jpg,,,Product Details
webpage/url:http://www.amazon.in/smartphones-Electronics/s?ie=UTF8&page=1&rh=n%3A976419031%2Ck%3Asmartphones|,37,final amazon,final amazon,13,http://www.amazon.in/smartphones-Electronics/s?ie=UTF8&page=1&rh=n%3A976419031%2Ck%3Asmartphones,LG Nexus 5X LG-H791 (16GB Charcoal Black),31990.00,http://ecx.images-amazon.com/images/I/41MofcekjdL._AA160_.jpg,,,Product Details
webpage/url:http://www.amazon.in/smartphones-Electronics/s?ie=UTF8&page=3&rh=n%3A976419031%2Ck%3Asmartphones|,61,final amazon,final amazon,13,http://www.amazon.in/smartphones-Electronics/s?ie=UTF8&page=3&rh=n%3A976419031%2Ck%3Asmartphones,Intex Aqua 3G Pro (Champagne),3395.00,http://ecx.images-amazon.com/images/I/418U5awcanL._AA160_.jpg,,,Product Details
webpage/url:http://www.amazon.in/smartphones-Electronics/s?ie=UTF8&page=2&rh=n%3A976419031%2Ck%3Asmartphones|,85,final amazon,final amazon,13,http://www.amazon.in/smartphones-Electronics/s?ie=UTF8&page=2&rh=n%3A976419031%2Ck%3Asmartphones,Samsung S3 Neo i9300I Dual Sim Touch Screen GSM Smartphone(Blue),11479.00,http://ecx.images-amazon.com/images/I/41gPLM84aLL._AA160_.jpg,,,Product Details
webpage/url:http://www.amazon.in/smartphones-Electronics/s?ie=UTF8&page=5&rh=n%3A976419031%2Ck%3Asmartphones|,109,final amazon,final amazon,13,http://www.amazon.in/smartphones-Electronics/s?ie=UTF8&page=5&rh=n%3A976419031%2Ck%3Asmartphones,IFITech Smart Switch Control Your Electronics From Anywhere with the Home Automation App for Smartphones and...,3500.00,http://ecx.images-amazon.com/images/I/31yuWbAFivL._AA160_.jpg,,,Product Details
webpage/url:http://www.amazon.in/smartphones-Electronics/s?ie=UTF8&page=1&rh=n%3A976419031%2Ck%3Asmartphones|,14,final amazon,final amazon,14,http://www.amazon.in/smartphones-Electronics/s?ie=UTF8&page=1&rh=n%3A976419031%2Ck%3Asmartphones,iPro iP40 13000mAh Portable Powerbank for Smartphones & Tablets13000 mAh,1199.00,http://ecx.images-amazon.com/images/I/51AbiNU7RUL._AA160_.jpg,,,Product Details
webpage/url:http://www.amazon.in/smartphones-Electronics/s?ie=UTF8&page=1&rh=n%3A976419031%2Ck%3Asmartphones|,38,final amazon,final amazon,14,http://www.amazon.in/smartphones-Electronics/s?ie=UTF8&page=1&rh=n%3A976419031%2Ck%3Asmartphones,iPro iP40 13000mAh Portable Powerbank for Smartphones & Tablets13000 mAh,1199.00,http://ecx.images-amazon.com/images/I/51AbiNU7RUL._AA160_.jpg,,,Product Details
webpage/url:http://www.amazon.in/smartphones-Electronics/s?ie=UTF8&page=3&rh=n%3A976419031%2Ck%3Asmartphones|,62,final amazon,final amazon,14,http://www.amazon.in/smartphones-Electronics/s?ie=UTF8&page=3&rh=n%3A976419031%2Ck%3Asmartphones,DMG Self-Portrait Monopod Selfie Stand Stick with Adjustable Phone Holder and Bluetooth Wireless Remote Clicker...,599.00,http://ecx.images-amazon.com/images/I/41Is-vF7ctL._AA160_.jpg,,,Product Details
webpage/url:http://www.amazon.in/smartphones-Electronics/s?ie=UTF8&page=2&rh=n%3A976419031%2Ck%3Asmartphones|,86,final amazon,final amazon,14,http://www.amazon.in/smartphones-Electronics/s?ie=UTF8&page=2&rh=n%3A976419031%2Ck%3Asmartphones,Aeoss Waterproof Case For iPhone 6 Plus Note 3 Travel Swim Universal Out Door PVC Bag Waterproof Case for Apple...,179.00,http://ecx.images-amazon.com/images/I/41AHKIPOGCL._AA160_.jpg,,,Product Details
webpage/url:http://www.amazon.in/smartphones-Electronics/s?ie=UTF8&page=5&rh=n%3A976419031%2Ck%3Asmartphones|,110,final amazon,final amazon,14,http://www.amazon.in/smartphones-Electronics/s?ie=UTF8&page=5&rh=n%3A976419031%2Ck%3Asmartphones,Logitech Bluetooth Multi-Device Keyboard K480 for Computers Tablets and Smartphones Black (920-006380),2239.00,http://ecx.images-amazon.com/images/I/41RWHMNctnL._AA160_.jpg,,,Product Details
webpage/url:http://www.amazon.in/smartphones-Electronics/s?ie=UTF8&page=1&rh=n%3A976419031%2Ck%3Asmartphones|,15,final amazon,final amazon,15,http://www.amazon.in/smartphones-Electronics/s?ie=UTF8&page=1&rh=n%3A976419031%2Ck%3Asmartphones,OnePlus 2 (Sandstone Black 64GB) - Invite Only,24999.00,http://ecx.images-amazon.com/images/I/414KNwJQbEL._AA160_.jpg,,,Product Details
webpage/url:http://www.amazon.in/smartphones-Electronics/s?ie=UTF8&page=1&rh=n%3A976419031%2Ck%3Asmartphones|,39,final amazon,final amazon,15,http://www.amazon.in/smartphones-Electronics/s?ie=UTF8&page=1&rh=n%3A976419031%2Ck%3Asmartphones,OnePlus 2 (Sandstone Black 64GB) - Invite Only,24999.00,http://ecx.images-amazon.com/images/I/414KNwJQbEL._AA160_.jpg,,,Product Details
webpage/url:http://www.amazon.in/smartphones-Electronics/s?ie=UTF8&page=3&rh=n%3A976419031%2Ck%3Asmartphones|,63,final amazon,final amazon,15,http://www.amazon.in/smartphones-Electronics/s?ie=UTF8&page=3&rh=n%3A976419031%2Ck%3Asmartphones,Karbonn Titanium S21 (Grey),3299.00,http://ecx.images-amazon.com/images/I/51tNLVrgCYL._AA160_.jpg,,,Product Details
webpage/url:http://www.amazon.in/smartphones-Electronics/s?ie=UTF8&page=2&rh=n%3A976419031%2Ck%3Asmartphones|,87,final amazon,final amazon,15,http://www.amazon.in/smartphones-Electronics/s?ie=UTF8&page=2&rh=n%3A976419031%2Ck%3Asmartphones,Lenovo A7000 (Onyx Black),8990.00,http://ecx.images-amazon.com/images/I/51BA12p-XlL._AA160_.jpg,,,Product Details
webpage/url:http://www.amazon.in/smartphones-Electronics/s?ie=UTF8&page=5&rh=n%3A976419031%2Ck%3Asmartphones|,111,final amazon,final amazon,15,http://www.amazon.in/smartphones-Electronics/s?ie=UTF8&page=5&rh=n%3A976419031%2Ck%3Asmartphones,Microsoft Lumia 640 XL (Black 8GB),13888.00,http://ecx.images-amazon.com/images/I/51vsqQ1hEAL._AA160_.jpg,,,Product Details
webpage/url:http://www.amazon.in/smartphones-Electronics/s?ie=UTF8&page=1&rh=n%3A976419031%2Ck%3Asmartphones|,16,final amazon,final amazon,16,http://www.amazon.in/smartphones-Electronics/s?ie=UTF8&page=1&rh=n%3A976419031%2Ck%3Asmartphones,Moto E 2nd Generation (4G Black),6999.00,http://ecx.images-amazon.com/images/I/41Msp7FZ%2BJL._AA160_.jpg,,,Product Details
webpage/url:http://www.amazon.in/smartphones-Electronics/s?ie=UTF8&page=1&rh=n%3A976419031%2Ck%3Asmartphones|,40,final amazon,final amazon,16,http://www.amazon.in/smartphones-Electronics/s?ie=UTF8&page=1&rh=n%3A976419031%2Ck%3Asmartphones,Moto E 2nd Generation (4G Black),6999.00,http://ecx.images-amazon.com/images/I/41Msp7FZ%2BJL._AA160_.jpg,,,Product Details
webpage/url:http://www.amazon.in/smartphones-Electronics/s?ie=UTF8&page=3&rh=n%3A976419031%2Ck%3Asmartphones|,64,final amazon,final amazon,16,http://www.amazon.in/smartphones-Electronics/s?ie=UTF8&page=3&rh=n%3A976419031%2Ck%3Asmartphones,Lava Iris Atom 2 (White),4049.00,http://ecx.images-amazon.com/images/I/41CcQF2i8QL._AA160_.jpg,,,Product Details
webpage/url:http://www.amazon.in/smartphones-Electronics/s?ie=UTF8&page=2&rh=n%3A976419031%2Ck%3Asmartphones|,88,final amazon,final amazon,16,http://www.amazon.in/smartphones-Electronics/s?ie=UTF8&page=2&rh=n%3A976419031%2Ck%3Asmartphones,Apple iPhone 6 (Gold 16GB),41500.00,http://ecx.images-amazon.com/images/I/317uCjVJclL._AA160_.jpg,,,Product Details
webpage/url:http://www.amazon.in/smartphones-Electronics/s?ie=UTF8&page=5&rh=n%3A976419031%2Ck%3Asmartphones|,112,final amazon,final amazon,16,http://www.amazon.in/smartphones-Electronics/s?ie=UTF8&page=5&rh=n%3A976419031%2Ck%3Asmartphones,Lenovo A5000 (Black),7399.00,http://ecx.images-amazon.com/images/I/51EvCZSNDhL._AA160_.jpg,,,Product Details
webpage/url:http://www.amazon.in/smartphones-Electronics/s?ie=UTF8&page=1&rh=n%3A976419031%2Ck%3Asmartphones|,17,final amazon,final amazon,17,http://www.amazon.in/smartphones-Electronics/s?ie=UTF8&page=1&rh=n%3A976419031%2Ck%3Asmartphones,Microsoft Lumia 535 (Black Dual SIM),6299.00,http://ecx.images-amazon.com/images/I/41oNrpQ2USL._AA160_.jpg,,,Product Details
webpage/url:http://www.amazon.in/smartphones-Electronics/s?ie=UTF8&page=1&rh=n%3A976419031%2Ck%3Asmartphones|,41,final amazon,final amazon,17,http://www.amazon.in/smartphones-Electronics/s?ie=UTF8&page=1&rh=n%3A976419031%2Ck%3Asmartphones,Microsoft Lumia 535 (Black Dual SIM),6299.00,http://ecx.images-amazon.com/images/I/41oNrpQ2USL._AA160_.jpg,,,Product Details
webpage/url:http://www.amazon.in/smartphones-Electronics/s?ie=UTF8&page=3&rh=n%3A976419031%2Ck%3Asmartphones|,65,final amazon,final amazon,17,http://www.amazon.in/smartphones-Electronics/s?ie=UTF8&page=3&rh=n%3A976419031%2Ck%3Asmartphones,Samsung Galaxy E7 (Black 16GB),15897.00,http://ecx.images-amazon.com/images/I/411b7lHV4DL._AA160_.jpg,,,Product Details
webpage/url:http://www.amazon.in/smartphones-Electronics/s?ie=UTF8&page=2&rh=n%3A976419031%2Ck%3Asmartphones|,89,final amazon,final amazon,17,http://www.amazon.in/smartphones-Electronics/s?ie=UTF8&page=2&rh=n%3A976419031%2Ck%3Asmartphones,Karbonn Titanium Machfive (White-Blue),5999.00,http://ecx.images-amazon.com/images/I/51ErKFfGWPL._AA160_.jpg,,,Product Details
webpage/url:http://www.amazon.in/smartphones-Electronics/s?ie=UTF8&page=5&rh=n%3A976419031%2Ck%3Asmartphones|,113,final amazon,final amazon,17,http://www.amazon.in/smartphones-Electronics/s?ie=UTF8&page=5&rh=n%3A976419031%2Ck%3Asmartphones,Ok Stand For Smartphones And Tablets,190.00,http://ecx.images-amazon.com/images/I/51wLLYYhhnL._AA160_.jpg,,,Product Details
webpage/url:http://www.amazon.in/smartphones-Electronics/s?ie=UTF8&page=1&rh=n%3A976419031%2Ck%3Asmartphones|,18,final amazon,final amazon,18,http://www.amazon.in/smartphones-Electronics/s?ie=UTF8&page=1&rh=n%3A976419031%2Ck%3Asmartphones,Sony Xperia C5 Ultra Dual (Mint),25899.00,http://ecx.images-amazon.com/images/I/419NJFgFxmL._AA160_.jpg,,,Product Details
webpage/url:http://www.amazon.in/smartphones-Electronics/s?ie=UTF8&page=1&rh=n%3A976419031%2Ck%3Asmartphones|,42,final amazon,final amazon,18,http://www.amazon.in/smartphones-Electronics/s?ie=UTF8&page=1&rh=n%3A976419031%2Ck%3Asmartphones,Sony Xperia C5 Ultra Dual (Mint),25899.00,http://ecx.images-amazon.com/images/I/419NJFgFxmL._AA160_.jpg,,,Product Details
webpage/url:http://www.amazon.in/smartphones-Electronics/s?ie=UTF8&page=3&rh=n%3A976419031%2Ck%3Asmartphones|,66,final amazon,final amazon,18,http://www.amazon.in/smartphones-Electronics/s?ie=UTF8&page=3&rh=n%3A976419031%2Ck%3Asmartphones,Mi 4 (White 16GB),14999.00,http://ecx.images-amazon.com/images/I/41SMOgq7yjL._AA160_.jpg,,,Product Details
webpage/url:http://www.amazon.in/smartphones-Electronics/s?ie=UTF8&page=2&rh=n%3A976419031%2Ck%3Asmartphones|,90,final amazon,final amazon,18,http://www.amazon.in/smartphones-Electronics/s?ie=UTF8&page=2&rh=n%3A976419031%2Ck%3Asmartphones,Intex Cloud M6 (Black),5499.00,http://ecx.images-amazon.com/images/I/51gHDSTT6CL._AA160_.jpg,,,Product Details
webpage/url:http://www.amazon.in/smartphones-Electronics/s?ie=UTF8&page=5&rh=n%3A976419031%2Ck%3Asmartphones|,114,final amazon,final amazon,18,http://www.amazon.in/smartphones-Electronics/s?ie=UTF8&page=5&rh=n%3A976419031%2Ck%3Asmartphones,Lava Iris X5 4G (White),9999.00,http://ecx.images-amazon.com/images/I/41XxzuahbnL._AA160_.jpg,,,Product Details
webpage/url:http://www.amazon.in/smartphones-Electronics/s?ie=UTF8&page=1&rh=n%3A976419031%2Ck%3Asmartphones|,19,final amazon,final amazon,19,http://www.amazon.in/smartphones-Electronics/s?ie=UTF8&page=1&rh=n%3A976419031%2Ck%3Asmartphones,Apple Tree T11 Blue Color Android Touch Screen Smart Phone 3.5 Inch Screen By Gadgetbucket,1999.00,http://ecx.images-amazon.com/images/I/31U-WDKemiL._AA160_.jpg,,,Product Details
webpage/url:http://www.amazon.in/smartphones-Electronics/s?ie=UTF8&page=1&rh=n%3A976419031%2Ck%3Asmartphones|,43,final amazon,final amazon,19,http://www.amazon.in/smartphones-Electronics/s?ie=UTF8&page=1&rh=n%3A976419031%2Ck%3Asmartphones,Apple Tree T11 Blue Color Android Touch Screen Smart Phone 3.5 Inch Screen By Gadgetbucket,1999.00,http://ecx.images-amazon.com/images/I/31U-WDKemiL._AA160_.jpg,,,Product Details
webpage/url:http://www.amazon.in/smartphones-Electronics/s?ie=UTF8&page=3&rh=n%3A976419031%2Ck%3Asmartphones|,67,final amazon,final amazon,19,http://www.amazon.in/smartphones-Electronics/s?ie=UTF8&page=3&rh=n%3A976419031%2Ck%3Asmartphones,Noise Gym Sports Armband-Wrist Band-Mono Trendy and Functional Sports Armband Medium Screen Size (Upto 4.5") SmartPhone...,398.00,http://ecx.images-amazon.com/images/I/41T7dCFGbhL._AA160_.jpg,,,Product Details
webpage/url:http://www.amazon.in/smartphones-Electronics/s?ie=UTF8&page=2&rh=n%3A976419031%2Ck%3Asmartphones|,91,final amazon,final amazon,19,http://www.amazon.in/smartphones-Electronics/s?ie=UTF8&page=2&rh=n%3A976419031%2Ck%3Asmartphones,HTC Desire 626G+ (White Birch 8GB),13484.00,http://ecx.images-amazon.com/images/I/51zyifH0E2L._AA160_.jpg,,,Product Details
webpage/url:http://www.amazon.in/smartphones-Electronics/s?ie=UTF8&page=5&rh=n%3A976419031%2Ck%3Asmartphones|,115,final amazon,final amazon,19,http://www.amazon.in/smartphones-Electronics/s?ie=UTF8&page=5&rh=n%3A976419031%2Ck%3Asmartphones,Lenovo S850 (Dark Blue),8579.00,http://ecx.images-amazon.com/images/I/413w8rpBUdL._AA160_.jpg,,,Product Details
webpage/url:http://www.amazon.in/smartphones-Electronics/s?ie=UTF8&page=1&rh=n%3A976419031%2Ck%3Asmartphones|,20,final amazon,final amazon,20,http://www.amazon.in/smartphones-Electronics/s?ie=UTF8&page=1&rh=n%3A976419031%2Ck%3Asmartphones,Asus Zenfone Go ZC500TG (Black 8GB),8999.00,http://ecx.images-amazon.com/images/I/41Ya2-9UVUL._AA160_.jpg,,,Product Details
webpage/url:http://www.amazon.in/smartphones-Electronics/s?ie=UTF8&page=1&rh=n%3A976419031%2Ck%3Asmartphones|,44,final amazon,final amazon,20,http://www.amazon.in/smartphones-Electronics/s?ie=UTF8&page=1&rh=n%3A976419031%2Ck%3Asmartphones,Asus Zenfone Go ZC500TG (Black 8GB),8999.00,http://ecx.images-amazon.com/images/I/41Ya2-9UVUL._AA160_.jpg,,,Product Details
webpage/url:http://www.amazon.in/smartphones-Electronics/s?ie=UTF8&page=3&rh=n%3A976419031%2Ck%3Asmartphones|,68,final amazon,final amazon,20,http://www.amazon.in/smartphones-Electronics/s?ie=UTF8&page=3&rh=n%3A976419031%2Ck%3Asmartphones,Samsung Galaxy Grand Prime 4G SM-G531F (Grey),9900.00,http://ecx.images-amazon.com/images/I/41U3K3bRO-L._AA160_.jpg,,,Product Details
webpage/url:http://www.amazon.in/smartphones-Electronics/s?ie=UTF8&page=2&rh=n%3A976419031%2Ck%3Asmartphones|,92,final amazon,final amazon,20,http://www.amazon.in/smartphones-Electronics/s?ie=UTF8&page=2&rh=n%3A976419031%2Ck%3Asmartphones,Intex Aqua Power Plus (White-Champagne 16GB),7777.00,http://ecx.images-amazon.com/images/I/41Ke%2BXdFdpL._AA160_.jpg,,,Product Details
webpage/url:http://www.amazon.in/smartphones-Electronics/s?ie=UTF8&page=5&rh=n%3A976419031%2Ck%3Asmartphones|,116,final amazon,final amazon,20,http://www.amazon.in/smartphones-Electronics/s?ie=UTF8&page=5&rh=n%3A976419031%2Ck%3Asmartphones,Sony Xperia E4 (Dual SIM Black),8760.00,http://ecx.images-amazon.com/images/I/41mpfyxSsiL._AA160_.jpg,,,Product Details
webpage/url:http://www.amazon.in/smartphones-Electronics/s?ie=UTF8&page=1&rh=n%3A976419031%2Ck%3Asmartphones|,21,final amazon,final amazon,21,http://www.amazon.in/smartphones-Electronics/s?ie=UTF8&page=1&rh=n%3A976419031%2Ck%3Asmartphones,Mi 4i (16GB Grey),12999.00,http://ecx.images-amazon.com/images/I/41kzNBg94HL._AA160_.jpg,,,Product Details
webpage/url:http://www.amazon.in/smartphones-Electronics/s?ie=UTF8&page=1&rh=n%3A976419031%2Ck%3Asmartphones|,45,final amazon,final amazon,21,http://www.amazon.in/smartphones-Electronics/s?ie=UTF8&page=1&rh=n%3A976419031%2Ck%3Asmartphones,Mi 4i (16GB Grey),12999.00,http://ecx.images-amazon.com/images/I/41kzNBg94HL._AA160_.jpg,,,Product Details
webpage/url:http://www.amazon.in/smartphones-Electronics/s?ie=UTF8&page=3&rh=n%3A976419031%2Ck%3Asmartphones|,69,final amazon,final amazon,21,http://www.amazon.in/smartphones-Electronics/s?ie=UTF8&page=3&rh=n%3A976419031%2Ck%3Asmartphones,Lenovo P70 (Blue),12290.00,http://ecx.images-amazon.com/images/I/41wLMA2tX0L._AA160_.jpg,,,Product Details
webpage/url:http://www.amazon.in/smartphones-Electronics/s?ie=UTF8&page=2&rh=n%3A976419031%2Ck%3Asmartphones|,93,final amazon,final amazon,21,http://www.amazon.in/smartphones-Electronics/s?ie=UTF8&page=2&rh=n%3A976419031%2Ck%3Asmartphones,Universal Micro USB Flat Data Cable for All SmartPhone -Rock Original-BLUE,159.00,http://ecx.images-amazon.com/images/I/31P%2BLlLiWpL._AA160_.jpg,,,Product Details
webpage/url:http://www.amazon.in/smartphones-Electronics/s?ie=UTF8&page=5&rh=n%3A976419031%2Ck%3Asmartphones|,117,final amazon,final amazon,21,http://www.amazon.in/smartphones-Electronics/s?ie=UTF8&page=5&rh=n%3A976419031%2Ck%3Asmartphones,PNY A2 OTG Adapter Micro USB OTG to USB 2.0 Adapter for Smartphones & Tablets,136.00,http://ecx.images-amazon.com/images/I/41B-Umw%2BHCL._AA160_.jpg,,,Product Details
webpage/url:http://www.amazon.in/smartphones-Electronics/s?ie=UTF8&page=1&rh=n%3A976419031%2Ck%3Asmartphones|,22,final amazon,final amazon,22,http://www.amazon.in/smartphones-Electronics/s?ie=UTF8&page=1&rh=n%3A976419031%2Ck%3Asmartphones,Asus Zenfone 2 ZE551ML (Silver 16GB),16208.00,http://ecx.images-amazon.com/images/I/41nQ7ERZfbL._AA160_.jpg,,,Product Details
webpage/url:http://www.amazon.in/smartphones-Electronics/s?ie=UTF8&page=1&rh=n%3A976419031%2Ck%3Asmartphones|,46,final amazon,final amazon,22,http://www.amazon.in/smartphones-Electronics/s?ie=UTF8&page=1&rh=n%3A976419031%2Ck%3Asmartphones,Asus Zenfone 2 ZE551ML (Silver 16GB),16208.00,http://ecx.images-amazon.com/images/I/41nQ7ERZfbL._AA160_.jpg,,,Product Details
webpage/url:http://www.amazon.in/smartphones-Electronics/s?ie=UTF8&page=3&rh=n%3A976419031%2Ck%3Asmartphones|,70,final amazon,final amazon,22,http://www.amazon.in/smartphones-Electronics/s?ie=UTF8&page=3&rh=n%3A976419031%2Ck%3Asmartphones,Soundpeats Qy7 Mini Lightweight Wireless Stereo Sports/Running and Gym/Exercise Bluetooth Earbuds Headphones Headsets...,1990.00,http://ecx.images-amazon.com/images/I/315KqmtuZDL._AA160_.jpg,,,Product Details
webpage/url:http://www.amazon.in/smartphones-Electronics/s?ie=UTF8&page=2&rh=n%3A976419031%2Ck%3Asmartphones|,94,final amazon,final amazon,22,http://www.amazon.in/smartphones-Electronics/s?ie=UTF8&page=2&rh=n%3A976419031%2Ck%3Asmartphones,Samsung Galaxy Grand 2 (White 8GB),9999.00,http://ecx.images-amazon.com/images/I/41tps2LtYCL._AA160_.jpg,,,Product Details
webpage/url:http://www.amazon.in/smartphones-Electronics/s?ie=UTF8&page=5&rh=n%3A976419031%2Ck%3Asmartphones|,118,final amazon,final amazon,22,http://www.amazon.in/smartphones-Electronics/s?ie=UTF8&page=5&rh=n%3A976419031%2Ck%3Asmartphones,Lenovo Rocstar A319 (White),,http://ecx.images-amazon.com/images/I/516yJfyBhTL._AA160_.jpg,,,Product Details
webpage/url:http://www.amazon.in/smartphones-Electronics/s?ie=UTF8&page=1&rh=n%3A976419031%2Ck%3Asmartphones|,23,final amazon,final amazon,23,http://www.amazon.in/smartphones-Electronics/s?ie=UTF8&page=1&rh=n%3A976419031%2Ck%3Asmartphones,AV Connect PC/Computer Headset to 3.5mm Smartphone/Laptop/Netbook Adapter with a single Microphone/Headphone jack,199.00,http://ecx.images-amazon.com/images/I/3193A6EsEJL._AA160_.jpg,,,Product Details
webpage/url:http://www.amazon.in/smartphones-Electronics/s?ie=UTF8&page=1&rh=n%3A976419031%2Ck%3Asmartphones|,47,final amazon,final amazon,23,http://www.amazon.in/smartphones-Electronics/s?ie=UTF8&page=1&rh=n%3A976419031%2Ck%3Asmartphones,AV Connect PC/Computer Headset to 3.5mm Smartphone/Laptop/Netbook Adapter with a single Microphone/Headphone jack,199.00,http://ecx.images-amazon.com/images/I/3193A6EsEJL._AA160_.jpg,,,Product Details
webpage/url:http://www.amazon.in/smartphones-Electronics/s?ie=UTF8&page=3&rh=n%3A976419031%2Ck%3Asmartphones|,71,final amazon,final amazon,23,http://www.amazon.in/smartphones-Electronics/s?ie=UTF8&page=3&rh=n%3A976419031%2Ck%3Asmartphones,Apple iPhone 4S (Black 8GB),13480.00,http://ecx.images-amazon.com/images/I/41S6fyTccFL._AA160_.jpg,,,Product Details
webpage/url:http://www.amazon.in/smartphones-Electronics/s?ie=UTF8&page=2&rh=n%3A976419031%2Ck%3Asmartphones|,95,final amazon,final amazon,23,http://www.amazon.in/smartphones-Electronics/s?ie=UTF8&page=2&rh=n%3A976419031%2Ck%3Asmartphones,ZTE Blade Buzz White V815W,2980.00,http://ecx.images-amazon.com/images/I/31cUnOGAb-L._AA160_.jpg,,,Product Details
webpage/url:http://www.amazon.in/smartphones-Electronics/s?ie=UTF8&page=5&rh=n%3A976419031%2Ck%3Asmartphones|,119,final amazon,final amazon,23,http://www.amazon.in/smartphones-Electronics/s?ie=UTF8&page=5&rh=n%3A976419031%2Ck%3Asmartphones,Hako 10400mAh Powerbank for Smartphones & Tablet,999.00,http://ecx.images-amazon.com/images/I/51E4KaTJjhL._AA160_.jpg,,,Product Details
webpage/url:http://www.amazon.in/smartphones-Electronics/s?ie=UTF8&page=1&rh=n%3A976419031%2Ck%3Asmartphones|,24,final amazon,final amazon,24,http://www.amazon.in/smartphones-Electronics/s?ie=UTF8&page=1&rh=n%3A976419031%2Ck%3Asmartphones,Micromax Unite 3 Q372 (White 8GB),6100.00,http://ecx.images-amazon.com/images/I/41DU8kioEXL._AA160_.jpg,,,Product Details
webpage/url:http://www.amazon.in/smartphones-Electronics/s?ie=UTF8&page=1&rh=n%3A976419031%2Ck%3Asmartphones|,48,final amazon,final amazon,24,http://www.amazon.in/smartphones-Electronics/s?ie=UTF8&page=1&rh=n%3A976419031%2Ck%3Asmartphones,Micromax Unite 3 Q372 (White 8GB),6100.00,http://ecx.images-amazon.com/images/I/41DU8kioEXL._AA160_.jpg,,,Product Details
webpage/url:http://www.amazon.in/smartphones-Electronics/s?ie=UTF8&page=3&rh=n%3A976419031%2Ck%3Asmartphones|,72,final amazon,final amazon,24,http://www.amazon.in/smartphones-Electronics/s?ie=UTF8&page=3&rh=n%3A976419031%2Ck%3Asmartphones,DMG Sturdy Adjustable Tripod Stand Holder with Bluetooth Selfie Clicker Remote for iPhone Smartphone and Camera,599.00,http://ecx.images-amazon.com/images/I/41QM3bFTmeL._AA160_.jpg,,,Product Details
webpage/url:http://www.amazon.in/smartphones-Electronics/s?ie=UTF8&page=2&rh=n%3A976419031%2Ck%3Asmartphones|,96,final amazon,final amazon,24,http://www.amazon.in/smartphones-Electronics/s?ie=UTF8&page=2&rh=n%3A976419031%2Ck%3Asmartphones,Micromax Selfie 2 Q340 (Black),6100.00,http://ecx.images-amazon.com/images/I/41ZUcV1lu0L._AA160_.jpg,,,Product Details
webpage/url:http://www.amazon.in/smartphones-Electronics/s?ie=UTF8&page=5&rh=n%3A976419031%2Ck%3Asmartphones|,120,final amazon,final amazon,24,http://www.amazon.in/smartphones-Electronics/s?ie=UTF8&page=5&rh=n%3A976419031%2Ck%3Asmartphones,Panasonic Eluga Icon (Slate),12289.00,http://ecx.images-amazon.com/images/I/51xZVLAg1ZL._AA160_.jpg,,,Product Details